stage,sample_id,H2O_min_wt%,H2O_max_wt%,F_ppm,Cl_ppm,Br_ppb,I_ppb
AOC,1,1,6,78,312,240,190
AOC,1,1,6,42,110,100,47
AOC,1,1,6,21,9,57,45
AOC,1,1,6,36,6,75,51
AOC,1,1,6,89,393,345,30
AOC,1,1,6,120,334,171,23
AOC,1,1,6,120,37,118,22
AOC,1,1,6,149,29,2171,155
AOC,1,1,6,30,100,,
AOC,1,1,6,59,238,272,116
AOC,1,1,6,25,200,,
AOC,1,1,6,78,625,672,179
AOC,1,1,6,48,14,,
AOC,1,1,6,70,7,,
AOC,1,1,6,442,25,,
AOC,1,1,6,174,56,123,51
AOC,1,1,6,190,48,,
AOC,1,1,6,190,11,147,103
AOC,1,1,6,179,24,,
AOC,1,1,6,198,20,,
AOC,1,1,6,94,14,115,88
AOC,1,1,6,140,686,1230,71
AOC,1,1,6,42,307,852,11
AOC,1,1,6,259,841,1448,125
AOC,1,1,6,35,426,1042,4
AOC,1,1,6,136,219,503,32
AOC,1,1,6,114,31,78,4
AOC,1,1,6,54,64,160,2
AOC,1,1,6,80,144,474,894
AOC,1,1,6,,274,643,8
AOC,1,1,6,,306,750,77
AOC,1,1,6,67,23,74,3
AOC,1,1,6,117,90,290,105
AOC,1,1,6,85,35,110,10
AOC,1,1,6,66,26,93,4
AOC,1,1,6,136,161,527,1812
AOC,1,1,6,33,25,69,18
AOC,1,1,6,53,32,82,91
AOC,1,1,6,137,339,1125,1944
AOC,1,1,6,28,26,87,3
AOC,1,1,6,70,149,504,1913
AOC,1,1,6,106,36,113,762
AOC,1,1,6,38,15,44,1
AOC,1,1,6,54,42,127,35
AOC,1,1,6,33,31,101,5
AOC,1,1,6,24,28,77,2
AOC,1,1,6,37,65,228,23
AOC,1,1,6,20,20,69,8
AOC,1,1,6,69,19,59,4
AOC,1,1,6,34,30,81,3
AOC,1,1,6,26,28,91,2
AOC,1,1,6,24,27,102,2
AOC,1,1,6,70,42,140,188
AOC,1,1,6,43,24,61,1
AOC,1,1,6,78,155,524,760
AOC,1,1,6,116,124,426,2486
AOC,1,1,6,80,132,449,938
AOC,1,1,6,,344,898,9
AOC,1,1,6,57,73,249,17
AOC,1,1,6,58,19,53,2
AOC,1,1,6,262,817,1014,159
AOC,1,1,6,25,40,94,3
AOC,1,1,6,240,235,624,15
AOC,1,1,6,241,130,346,14
AOC,1,1,6,194,141,398,6
AOC,1,1,6,251,149,329,6
AOC,1,1,6,296,616,1840,15
AOC,1,1,6,265,300,755,8
AOC,1,1,6,225,149,425,9
AOC,1,1,6,235,330,780,7
AOC,1,1,6,229,334,990,9
AOC,1,1,6,218,528,1356,13
AOC,1,1,6,236,203,543,7
AOC,1,1,6,281,737,2155,14
AOC,1,1,6,167,210,451,9
AOC,1,1,6,202,645,1538,25
AOC,1,1,6,245,380,1141,9
AOC,1,1,6,262,499,541,14
AOC,1,1,6,271,781,954,8
AOC,1,1,6,126,1622,2724,12
AOC,1,1,6,,30,86,8
AOC,1,1,6,,11,24,478
AOC,1,1,6,,16,93,22
AOC,1,1,6,,14,59,250
AOC,1,1,6,,135,393,38
AOC,1,1,6,,237,785,1
AOC,1,1,6,,55,144,1
AOC,1,1,6,,41,124,1
AOC,1,1,6,,,815,2
AOC,1,1,6,,191,643,38
AOC,1,1,6,,200,373,6
AOC,1,1,6,,198,460,1
AOC,1,1,6,,,341,2
AOC,1,1,6,,126,298,1
AOC,1,1,6,,106,87,1
AOC,1,1,6,,346,696,1
AOC,1,1,6,,193,360,1
AOC,1,1,6,,582,1490,2
AOC,1,1,6,,875,2484,5
AOC,1,1,6,,82,82,
AOC,1,1,6,,60,56,22
AOC,1,1,6,,34,72,113
AOC,1,1,6,,103,87,2
AOC,1,1,6,,81,235,13
AOC,1,1,6,,46,44,7
AOC,1,1,6,,77,70,16
AOC,1,1,6,,58,87,
AOC,1,1,6,,79,98,
AOC,1,1,6,,132,98,2
AOC,1,1,6,,62,59,2
AOC,1,1,6,,66,74,2
AOC,1,1,6,46,71,112,131
AOC,1,1,6,122,23,92,107
AOC,1,1,6,156,11,54,87
AOC,1,1,6,164,12,71,65
AOC,1,1,6,179,126,184,9
AOC,1,1,6,38,26,51,1
AOC,1,1,6,197,128,162,1
AOC,1,1,6,40,70,149,1
AOC,1,1,6,29,40,82,1
AOC,1,1,6,25,68,114,2
AOC,1,1,6,41,88,175,1
AOC,1,1,6,28,66,160,2
AOC,1,1,6,28,17,48,2
AOC,1,1,6,23,109,404,2
AOC,1,1,6,17,26,42,1
AOC,1,1,6,27,21,19,
Blueschist,TUR12,1,5,588,17,159,169
Blueschist,TUR14,1,5,504,18,226,185
Blueschist,TUR23,1,5,387,15,111,143
Blueschist,TUR30,1,5,289,13,93,147
Blueschist,TUR31,1,5,583,10,151,150
Blueschist,TUR32,1,5,215,10,75,135
Blueschist,TUR33,1,5,560,21,124,442
Blueschist,NC13-1,1,5,359,69,554,43
Blueschist,NC14-5,1,5,441,26,169,18
Blueschist,NC14-1,1,5,294,28,353,53
Blueschist,NC14-2,1,5,342,21,238,15
Blueschist,NC14-6,1,5,373,18,122,71
Blueschist,NC14-7,1,5,580,19,92,10
Blueschist,NC14-4,1,5,250,27,158,54
Blueschist,NC14-13,1,5,309,17,55,39
Blueschist,NC14-14,1,5,298,17,126,22
Blueschist,1005,1,5,434,29,111,125
Blueschist,1101,1,5,573,38,141,171
Blueschist,2810,1,5,537,37,125,172
Blueschist,2818,1,5,493,34,105,126
Blueschist,922,1,5,332,29,195,36
Blueschist,1003,1,5,347,37,282,42
Blueschist,BM03,1,5,254,22,123,68
Blueschist,BM04,1,5,486,30,170,80
Blueschist,BML01A,1,5,561,33,127,182
Blueschist,BML04A,1,5,268,23,80,57
Blueschist,BM05,1,5,361,26,142,76
Blueschist,BML03B,1,5,339,36,293,77
Blueschist,CP03C,1,5,306,25,142,101
Blueschist,ZGL15-8-1,1,5,535,36,137,68
Blueschist,ZGL15-8-3,1,5,578,37,94,379
Blueschist,ZGL15-8-3P,1,5,380,19,109,233
Blueschist,ZGL15-8-4,1,5,568,37,143,182
Blueschist,ZGL15-8-5,1,5,533,33,112,198
Blueschist,09DSF-23E,1,5,389,25,114,39
Blueschist,09DSF-54A,1,5,399,22,182,82
Blueschist,06MSF-6C,1,5,382,33,329,62
Blueschist,GT0701,1,5,513,25,119,96
Blueschist,GT0702,1,5,370,29,120,111
Blueschist,GT0703,1,5,493,28,114,123
Blueschist,GT0704,1,5,354,33,138,115
Blueschist,GT0705,1,5,312,23,101,99
Blueschist,GT0706,1,5,335,30,99,70
Blueschist,GT0707,1,5,546,25,113,175
Blueschist,GT0708,1,5,559,40,117,150
Blueschist,GM0601,1,5,550,42,130,114
Blueschist,GM0602,1,5,469,32,123,104
Blueschist,GM0603,1,5,469,35,118,100
Blueschist,16TS86,1,5,547,39,145,134
Blueschist,16TS124,1,5,403,43,137,88
Blueschist,16TS88A,1,5,551,44,128,163
Blueschist,16TS126,1,5,351,38,124,84
Blueschist,16TS132,1,5,537,40,312,102
Blueschist,965-11,1,5,328,19,89,63
Blueschist,CG7-3,1,5,394,28,113,72
Blueschist,CG3-3,1,5,343,32,178,43
Blueschist,4-1.1,1,5,304,32,104,87
Blueschist,4-1.2,1,5,300,30,127,80
Blueschist,4-1.4,1,5,428,34,115,131
Blueschist,4-1.5,1,5,399,39,156,103
Blueschist,4-2.1,1,5,356,36,138,98
Blueschist,4-2.2,1,5,321,35,106,65
Blueschist,4-2.3,1,5,297,36,111,96
Blueschist,4-2.3,1,5,386,34,140,88
Blueschist,4-2.4,1,5,498,34,112,123
Blueschist,4-3.1,1,5,316,35,109,106
Blueschist,4-3.1,1,5,420,33,129,106
Blueschist,4-3.2,1,5,380,35,112,107
Blueschist,4-3.3,1,5,397,34,103,123
Blueschist,4-3.5,1,5,411,25,110,104
Blueschist,K13-3,1,5,484,21,140,128
Blueschist,K13-6,1,5,478,23,111,104
Blueschist,K13-8,1,5,415,26,141,94
Blueschist,K13-14,1,5,322,19,102,38
Blueschist,76-66,1,5,356,21,128,80
Blueschist,76-121,1,5,217,20,106,87
Blueschist,76-187,1,5,439,21,164,95
Blueschist,76-196,1,5,334,18,100,82
Blueschist,76-210,1,5,330,23,137,127
Blueschist,76-315,1,5,427,20,192,153
Blueschist,76-317,1,5,332,15,109,100
Blueschist,76-360,1,5,373,24,88,86
Blueschist,76-362,1,5,256,24,96,50
Blueschist,74-133,1,5,474,24,113,131
Blueschist,3104,1,5,303,21,95,65
Blueschist,19.11,1,5,213,27,99,57
Blueschist,19.9.3,1,5,236,28,129,51
Blueschist,19.9.3A,1,5,530,42,163,88
Blueschist,19.9.4,1,5,498,33,120,225
Blueschist,20.1.5,1,5,330,29,123,27
Blueschist,50801,1,5,323,20,85,88
Blueschist,50803,1,5,320,18,108,47
Blueschist,70802,1,5,278,23,105,52
Blueschist,70815,1,5,394,28,155,64
Blueschist,70816,1,5,355,21,85,38
Blueschist,70818,1,5,412,27,112,160
Blueschist,70819,1,5,365,29,109,38
Blueschist,70824,1,5,318,19,129,34
Blueschist,70827,1,5,394,25,103,94
Blueschist,Q17-H816C01,1,5,87,23,61,65
Blueschist,Q17-H818A01,1,5,75,21,69,66
Blueschist,Q17-H818D01,1,5,149,30,98,63
Blueschist,Q17-H817C01,1,5,79,15,103,81
Blueschist,SEC 15-2,1,5,393,28,94,78
Blueschist,SEC 17-1,1,5,406,28,83,117
Blueschist,SEC 17-4,1,5,380,28,81,83
Blueschist,SEC 17-3,1,5,512,29,141,133
Blueschist,SEC 16-1,1,5,529,41,126,121
Blueschist,SEC 16-1,1,5,395,14,115,125
Blueschist,W251417,1,5,281,28,131,94
Blueschist,W251418,1,5,350,27,118,107
Blueschist,EA-1,1,5,437,25,114,120
Blueschist,D322297,1,5,294,16,85,117
Blueschist,M114743,1,5,400,23,98,46
Blueschist,M114744,1,5,245,19,109,43
Blueschist,M114745,1,5,300,22,87,61
Blueschist,M114746,1,5,369,16,111,135
Blueschist,M114747,1,5,399,35,409,202
Blueschist,M139099,1,5,400,51,116,33
Blueschist,M139101,1,5,400,52,117,38
Blueschist,M140084,1,5,374,25,104,37
Blueschist,M140087,1,5,424,31,185,92
Blueschist,M146776,1,5,366,53,378,128
Blueschist,M155058,1,5,419,22,108,113
Blueschist,M155059,1,5,353,39,323,140
Blueschist,M164197,1,5,410,23,99,128
Blueschist,M164199,1,5,482,37,141,64
Blueschist,M164200,1,5,379,20,127,120
Blueschist,M164201,1,5,329,24,83,34
Blueschist,M164208,1,5,347,22,101,36
Blueschist,M164209,1,5,465,30,84,122
Blueschist,M164210,1,5,383,24,99,128
Blueschist,M164211,1,5,464,20,108,122
Blueschist,M164219,1,5,429,22,101,115
Blueschist,M164221,1,5,464,29,91,104
Blueschist,W185379,1,5,384,25,118,26
Blueschist,W251385,1,5,350,29,95,24
Blueschist,W251386,1,5,303,24,101,31
Blueschist,W251390,1,5,319,22,108,34
Blueschist,W256369,1,5,456,35,140,111
Blueschist,W256371,1,5,317,24,121,40
Blueschist,W256372,1,5,312,27,113,38
Blueschist,W256373,1,5,445,32,136,99
Blueschist,W256374,1,5,458,33,130,95
Blueschist,D322258,1,5,487,35,307,247
Blueschist,D322298,1,5,520,34,309,268
Blueschist,M114741,1,5,497,23,117,127
Blueschist,M114742,1,5,239,18,94,81
Blueschist,M114748,1,5,323,37,308,202
Blueschist,M114749,1,5,368,36,311,196
Blueschist,M139097,1,5,447,40,120,45
Blueschist,M139103,1,5,400,17,102,95
Blueschist,M139105,1,5,371,46,115,28
Blueschist,M140090,1,5,363,26,138,33
Blueschist,M145685,1,5,435,25,102,91
Blueschist,M146773,1,5,392,23,114,36
Blueschist,M146774,1,5,375,19,109,114
Blueschist,M146775,1,5,343,22,130,30
Blueschist,M155071,1,5,447,30,200,155
Blueschist,M164202,1,5,381,28,99,44
Blueschist,M164203,1,5,373,29,90,64
Blueschist,M164204,1,5,395,33,83,56
Blueschist,M164205,1,5,333,24,201,43
Blueschist,M164206,1,5,425,30,86,59
Blueschist,M164207,1,5,261,23,185,61
Blueschist,A-45,1,5,333,31,96,25
Blueschist,SHUK-3,1,5,290,25,77,39
Blueschist,A-138,1,5,306,29,76,28
Blueschist,A-580,1,5,265,24,68,42
Blueschist,A-172,1,5,313,34,104,32
Blueschist,A-1053,1,5,300,39,110,49
Blueschist,RATTRAP,1,5,409,34,81,27
Blueschist,M142574,1,5,233,16,101,79
Blueschist,M142575,1,5,242,20,98,91
Blueschist,M165283,1,5,264,21,74,80
Blueschist,M178002,1,5,332,23,77,70
Blueschist,W188514,1,5,332,23,127,50
Blueschist,W188516,1,5,377,22,105,43
Blueschist,W188517,1,5,351,27,215,32
Blueschist,W188518,1,5,272,29,105,50
Blueschist,M142572,1,5,254,21,93,64
Blueschist,W189354,1,5,386,29,250,35
Blueschist,D133221,1,5,374,30,125,76
Blueschist,W188493,1,5,350,33,120,37
Blueschist,W188476,1,5,384,29,118,27
Blueschist,W188478,1,5,432,35,117,18
Blueschist,W188479,1,5,430,32,118,21
Blueschist,W188480,1,5,401,37,230,52
Blueschist,W188482,1,5,365,28,134,91
Blueschist,W188483,1,5,376,22,123,119
Blueschist,W188488,1,5,353,33,114,38
Blueschist,W188489,1,5,317,32,114,37
Blueschist,W188492,1,5,341,28,126,55
Blueschist,W188494,1,5,449,39,120,122
Blueschist,W188495,1,5,407,38,128,82
Blueschist,W188496,1,5,386,26,145,60
Blueschist,W188498,1,5,346,22,104,63
Blueschist,W188499,1,5,385,25,119,41
Blueschist,W188501,1,5,361,35,123,52
Blueschist,W189351,1,5,386,26,141,58
Blueschist,W189352,1,5,379,29,120,31
Blueschist,W189355,1,5,385,24,99,28
HP eclogite,NC14-11,0.5,2,197,17,121,6
HP eclogite,NC14-12,0.5,2,192,14,77,6
HP eclogite,NC15-1,0.5,2,156,29,152,14
HP eclogite,705,0.5,2,166,13,59,41
HP eclogite,707,0.5,2,154,25,37,48
HP eclogite,706,0.5,2,97,28,43,44
HP eclogite,3102,0.5,2,162,16,64,54
HP eclogite,3101,0.5,2,189,16,47,40
HP eclogite,803,0.5,2,113,12,123,75
HP eclogite,805,0.5,2,103,8,74,58
HP eclogite, ,0.5,2,249,13,115,52
HP eclogite,41-A,0.5,2,176,19,174,64
HP eclogite,40-A,0.5,2,193,17,175,47
HP eclogite,18-Ⅱ,0.5,2,180,14,149,65
HP eclogite,17-Ⅱ,0.5,2,173,17,143,62
HP eclogite,16-Ⅱ,0.5,2,238,24,134,63
HP eclogite,15-C,0.5,2,183,25,149,67
HP eclogite,15-Ⅱ,0.5,2,193,18,150,66
HP eclogite,15-A,0.5,2,168,13,144,74
HP eclogite,13-Ⅱ,0.5,2,228,13,152,63
HP eclogite,12-Ⅱ,0.5,2,230,16,168,61
HP eclogite,11-Ⅰ,0.5,2,253,17,173,17
HP eclogite,53-I,0.5,2,140,29,39,40
HP eclogite,56-I,0.5,2,178,19,84,47
HP eclogite,58-I,0.5,2,145,24,37,48
HP eclogite,BM11,0.5,2,238,34,102,9
HP eclogite,BM15B,0.5,2,357,31,174,41
HP eclogite,BP04,0.5,2,98,10,69,30
HP eclogite,CP03E,0.5,2,96,19,54,18
HP eclogite,BP01,0.5,2,200,36,77,48
HP eclogite,BM15C,0.5,2,159,36,95,49
HP eclogite,E0601,0.5,2,433,30,102,6
HP eclogite,E0605,0.5,2,363,29,99,9
HP eclogite,E0611,0.5,2,353,29,105,28
HP eclogite,E0613,0.5,2,393,28,101,7
HP eclogite,E0615,0.5,2,459,28,102,18
HP eclogite,E0616,0.5,2,406,29,101,7
HP eclogite,E0620,0.5,2,463,29,102,7
HP eclogite,E0622,0.5,2,389,30,93,6
HP eclogite,E0629,0.5,2,372,29,90,36
HP eclogite,E0635,0.5,2,384,28,102,7
HP eclogite,E0639,0.5,2,377,29,105,7
HP eclogite,E0642,0.5,2,412,31,102,7
HP eclogite,E0644,0.5,2,397,28,103,6
HP eclogite,E0647,0.5,2,416,28,102,6
HP eclogite,E0654,0.5,2,451,29,102,7
HP eclogite,E0657,0.5,2,480,28,97,6
HP eclogite,E0659,0.5,2,479,28,101,7
HP eclogite,E0666,0.5,2,353,29,87,33
HP eclogite,GMC0701,0.5,2,314,27,97,5
HP eclogite,GMC0702,0.5,2,383,21,132,16
HP eclogite,GMC0703,0.5,2,353,21,131,51
HP eclogite,GMC0704,0.5,2,344,23,164,32
HP eclogite,GMC0705,0.5,2,215,13,108,8
HP eclogite,GMC0706,0.5,2,191,15,108,13
HP eclogite,16TS113,0.5,2,254,25,112,3
HP eclogite,16TS114,0.5,2,319,35,121,28
HP eclogite,16TS119,0.5,2,192,41,45,42
HP eclogite,16TS121,0.5,2,364,39,126,3
HP eclogite,16TS122A,0.5,2,512,32,125,20
HP eclogite,16TS128,0.5,2,246,44,77,48
HP eclogite,16TS130,0.5,2,210,43,72,45
HP eclogite,16TS133,0.5,2,211,49,97,51
HP eclogite,16TS135,0.5,2,239,35,116,37
HP eclogite,16TS137,0.5,2,143,21,84,50
HP eclogite,16TS138,0.5,2,191,32,104,33
HP eclogite,16TS139,0.5,2,212,39,77,48
HP eclogite,M163-2,0.5,2,177,36,128,46
HP eclogite,M163-9,0.5,2,165,42,168,64
HP eclogite,M172-21,0.5,2,151,11,93,48
HP eclogite,M151-7,0.5,2,254,40,128,42
HP eclogite,M175-15,0.5,2,356,43,118,3
HP eclogite,CG3-6,0.5,2,273,43,118,75
HP eclogite,GC4-1,0.5,2,64,18,94,42
HP eclogite,Sep-54,0.5,2,255,22,83,7
HP eclogite,CG8-2/2,0.5,2,125,8,47,42
HP eclogite,4-1.3,0.5,2,235,40,114,41
HP eclogite,4-1.3,0.5,2,329,24,113,29
HP eclogite,4-1.4,0.5,2,309,27,68,8
HP eclogite,4-1.5,0.5,2,370,29,104,3
HP eclogite,4-2.4,0.5,2,374,34,140,8
HP eclogite,4-2.5,0.5,2,344,25,106,9
HP eclogite,4-3.1,0.5,2,271,43,98,3
HP eclogite,4-3.2,0.5,2,292,34,104,18
HP eclogite,4-3.3,0.5,2,306,24,89,37
HP eclogite,4-3.4,0.5,2,280,21,80,27
HP eclogite,4-3.5,0.5,2,268,40,116,28
HP eclogite,K949,0.5,2,280,54,129,54
HP eclogite,K950,0.5,2,286,51,130,52
HP eclogite,T848,0.5,2,183,30,127,54
HP eclogite,H505-26,0.5,2,202,30,68,33
HP eclogite,H76-10,0.5,2,330,21,104,45
HP eclogite,H711-1,0.5,2,469,20,104,3
HP eclogite,KP1-5,0.5,2,247,31,84,18
HP eclogite,KP1-6,0.5,2,279,18,89,26
HP eclogite,76-47,0.5,2,425,27,86,4
HP eclogite,76-94,0.5,2,442,35,63,7
HP eclogite,76-96,0.5,2,481,44,63,7
HP eclogite,76-100,0.5,2,392,48,103,3
HP eclogite,76-225,0.5,2,440,33,104,3
HP eclogite,76-241,0.5,2,447,46,138,3
HP eclogite,76-243,0.5,2,411,35,29,3
HP eclogite,76-398,0.5,2,447,57,138,32
HP eclogite,77-560,0.5,2,371,69,161,53
HP eclogite,77-562,0.5,2,410,44,85,21
HP eclogite,77-566,0.5,2,413,35,33,3
HP eclogite,74-129,0.5,2,392,48,129,8
HP eclogite,91-A100,0.5,2,380,44,96,3
HP eclogite,19.2,0.5,2,89,19,40,44
HP eclogite,19.2.2,0.5,2,89,20,50,53
HP eclogite,19.2.3,0.5,2,88,18,32,44
HP eclogite,20.1.11,0.5,2,333,34,142,63
HP eclogite,20.1.3,0.5,2,156,25,139,44
HP eclogite,20.1.8,0.5,2,212,29,100,69
HP eclogite,3109,0.5,2,187,30,103,8
HP eclogite,3110,0.5,2,177,29,66,35
HP eclogite,3111,0.5,2,170,31,103,36
HP eclogite,3112,0.5,2,182,29,104,31
HP eclogite,3113,0.5,2,385,31,134,19
HP eclogite,3115,0.5,2,147,29,73,44
HP eclogite,3136,0.5,2,123,32,101,44
HP eclogite,3138,0.5,2,123,34,72,44
HP eclogite,3141,0.5,2,119,26,133,18
HP eclogite,3142,0.5,2,131,35,103,30
HP eclogite,3143,0.5,2,135,34,104,47
HP eclogite,3100,0.5,2,391,43,120,8
HP eclogite,3101,0.5,2,383,45,130,8
HP eclogite,,0.5,2,318,58,116,62
HP eclogite,,0.5,2,449,37,77,3
HP eclogite,MV2,0.5,2,142,11,60,61
HP eclogite,MV7,0.5,2,299,28,137,55
HP eclogite,MV8,0.5,2,271,32,140,34
HP eclogite,OF3158,0.5,2,451,33,96,46
HP eclogite,RO85/127,0.5,2,82,15,17,7
HP eclogite,DC54C,0.5,2,211,9,25,2
HP eclogite,DC54D,0.5,2,211,9,25,2
HP eclogite,DC97 ,0.5,2,213,80,172,42
HP eclogite,POH19,0.5,2,151,9,74,45
HP eclogite,W253614,0.5,2,293,29,139,55
HP eclogite,W253615,0.5,2,169,34,75,3
HP eclogite,W253616,0.5,2,139,33,79,16
HP eclogite,W253617,0.5,2,99,10,83,35
HP eclogite,W253618,0.5,2,101,23,105,13
HP eclogite,W253619,0.5,2,145,16,70,62
HP eclogite,W253620,0.5,2,116,22,102,12
HP eclogite,W253621,0.5,2,272,41,147,66
HP eclogite,W253622,0.5,2,293,29,146,68
HP eclogite,W253623,0.5,2,103,22,104,38
HP eclogite,W253624,0.5,2,296,27,137,70
HP eclogite,W253625,0.5,2,100,24,76,8
HP eclogite,W253626,0.5,2,353,46,151,67
HP eclogite,W253627,0.5,2,137,11,132,43
HP eclogite,W253628,0.5,2,106,21,79,12
HP eclogite,W253629,0.5,2,116,15,114,14
HP eclogite,W253630,0.5,2,340,30,119,5
HP eclogite,SEC43-3,0.5,2,147,5,43,60
HP eclogite,SEC46-1,0.5,2,152,9,48,56
HP eclogite,SEC46-2,0.5,2,157,14,70,55
HP eclogite,SEC47-1,0.5,2,118,7,47,37
HP eclogite,SEC42-6,0.5,2,120,14,194,59
HP eclogite,SEC43-1,0.5,2,113,7,34,66
HP eclogite,SEC44-1,0.5,2,116,4,48,60
HP eclogite,SEC 42-6,0.5,2,120,14,194,59
HP eclogite,SEC 43-1,0.5,2,113,7,34,66
HP eclogite,SEC 43-3,0.5,2,147,5,43,60
HP eclogite,SEC 44-1,0.5,2,116,4,48,60
HP eclogite,SEC 46-1,0.5,2,152,9,48,56
HP eclogite,SEC 46-2,0.5,2,157,14,70,55
HP eclogite,SEC 47-1,0.5,2,118,7,47,37
HP eclogite,SEC 50-1,0.5,2,137,7,42,59
HP eclogite,SEC 44-2,0.5,2,173,23,42,60
HP eclogite,SEC 44-4,0.5,2,158,22,45,65
HP eclogite,SEC 42-8,0.5,2,153,22,46,62
HP eclogite,SEC 12-1,0.5,2,165,33,126,54
HP eclogite,SEC 12-2,0.5,2,161,23,44,62
HP eclogite,SEC 12-3,0.5,2,171,22,48,60
HP eclogite,SEC 45-1,0.5,2,147,24,38,57
HP eclogite,SEC 45-2,0.5,2,159,22,42,60
HP eclogite,SEC 45-5,0.5,2,166,22,72,56
HP eclogite,UH1,0.5,2,193,45,124,56
HP eclogite,UH8,0.5,2,193,39,85,57
HP eclogite,UH3,0.5,2,299,28,53,36
HP eclogite,UH6,0.5,2,282,31,59,46
HP eclogite,UH11,0.5,2,168,28,45,51
HP eclogite,UH12,0.5,2,204,24,71,47
HP eclogite,UH2,0.5,2,210,38,122,3
HP eclogite,UH5,0.5,2,297,37,72,3
HP eclogite,UH7,0.5,2,339,24,61,3
HP eclogite,UH9,0.5,2,230,44,117,3
HP eclogite,UH10,0.5,2,244,19,28,8
HP eclogite,D102833,0.5,2,277,35,145,45
HP eclogite,D102834,0.5,2,344,36,173,5
HP eclogite,D102837,0.5,2,238,45,136,15
HP eclogite,W172692,0.5,2,269,30,40,2
HP eclogite,W172693,0.5,2,283,17,87,41
HP eclogite,W251387,0.5,2,170,29,96,13
HP eclogite,W251388,0.5,2,152,11,52,14
HP eclogite,W251389,0.5,2,183,11,39,15
HP eclogite,W251396,0.5,2,161,19,34,91
HP eclogite,W251398,0.5,2,166,15,69,18
HP eclogite,W251547,0.5,2,165,20,72,11
HP eclogite,W251548,0.5,2,156,14,86,16
HP eclogite,W256351,0.5,2,162,23,52,17
HP eclogite,W256353,0.5,2,147,29,47,10
HP eclogite,W256354,0.5,2,183,22,78,3
HP eclogite,W256357,0.5,2,153,20,61,16
HP eclogite,W256358,0.5,2,129,28,43,30
HP eclogite,W256361,0.5,2,136,14,85,46
HP eclogite,W256370,0.5,2,369,24,89,3
HP eclogite,W256375,0.5,2,179,15,142,29
HP eclogite,M142382,0.5,2,211,31,50,33
HP eclogite,D320168,0.5,2,324,32,23,3
HP eclogite,M124612,0.5,2,227,51,85,38
HP eclogite,M124613,0.5,2,275,29,52,20
HP eclogite,M152953,0.5,2,268,33,51,4
HP eclogite,M190585,0.5,2,78,13,56,41
HP eclogite,M190586,0.5,2,257,29,113,71
HP eclogite,M114944,0.5,2,267,36,41,31
HP eclogite,1856,0.5,2,116,17,68,47
HP eclogite,1858/3,0.5,2,178,25,94,49
HP eclogite,Mar-59,0.5,2,158,10,93,52
HP eclogite,TN-5/05,0.5,2,166,14,85,53
HP eclogite,TN-9/08B,0.5,2,178,35,109,41
HP eclogite,TS-1/11,0.5,2,132,20,114,77
HP eclogite,TS-2/11,0.5,2,107,20,81,89
HP eclogite,TS-3/11,0.5,2,145,29,72,68
HP eclogite,TS-4/11,0.5,2,120,36,95,59
HP eclogite,TS-5/11,0.5,2,160,31,73,56
HP eclogite,TS-6/11,0.5,2,69,25,70,23
HP eclogite,TS-7/11,0.5,2,69,37,93,24
HP eclogite,TS-8/11,0.5,2,152,33,78,17
HP eclogite,10月16日,0.5,2,202,61,156,47
HP eclogite,6月18日,0.5,2,188,38,160,54
HP eclogite,12月16日,0.5,2,174,56,153,46
HP eclogite,2月24日,0.5,2,220,42,160,47
HP eclogite,11月16日,0.5,2,217,59,153,49
HP eclogite,7月1日,0.5,2,352,44,124,31
HP eclogite,1月17日,0.5,2,183,40,119,54
HP eclogite,5-37,0.5,2,113,35,130,53
HP eclogite,5-38,0.5,2,231,55,161,51
HP eclogite,100-2,0.5,2,193,40,152,56
HP eclogite,SCO1-1,0.5,2,63,26,101,57
HP eclogite,SCO2-1,0.5,2,168,10,47,52
HP eclogite,SCO9-2,0.5,2,60,20,45,105
HP eclogite,SCO12-4,0.5,2,76,10,65,87
HP eclogite,SCO23-1,0.5,2,62,17,64,44
HP eclogite,SCO18-1,0.5,2,157,15,61,87
HP eclogite,SCO15-1,0.5,2,57,14,32,45
HP eclogite,SCO16-1,0.5,2,57,7,59,29
HP eclogite,69965,0.5,2,240,22,117,3
HP eclogite,BO-126,0.5,2,265,25,52,4
HP eclogite,W260033,0.5,2,213,29,73,16
HP eclogite,W260034,0.5,2,203,30,88,16
HP eclogite,W260035,0.5,2,199,26,78,17
HP eclogite,W260036,0.5,2,106,11,85,64
HP eclogite,W260037,0.5,2,101,9,114,63
HP eclogite,W260038,0.5,2,393,25,107,17
HP eclogite,W260039,0.5,2,205,24,67,25
HP eclogite,W260040,0.5,2,342,29,74,27
HP eclogite,W260041,0.5,2,100,15,73,28
HP eclogite,W260042,0.5,2,101,8,67,90
HP eclogite,W260043,0.5,2,157,11,53,87
HP eclogite,W260044,0.5,2,100,9,61,41
HP eclogite,W260045,0.5,2,105,9,62,59
HP eclogite,W260046,0.5,2,370,44,91,15
HP eclogite,W260047,0.5,2,475,44,90,29
HP eclogite,W260048,0.5,2,475,45,89,30
HP eclogite,W260049,0.5,2,467,44,90,31
HP eclogite,W260050,0.5,2,305,37,53,6
HP eclogite,W260051,0.5,2,223,31,54,6
HP eclogite,W260052,0.5,2,349,32,57,6
HP eclogite,W260053,0.5,2,186,23,35,14
HP eclogite,W260054,0.5,2,449,44,89,3
HP eclogite,W260055,0.5,2,438,45,85,3
HP eclogite,W260056,0.5,2,201,23,65,38
HP eclogite,W260057,0.5,2,200,23,63,42
HP eclogite,W260058,0.5,2,177,23,43,15
HP eclogite,W260059,0.5,2,154,24,41,15
HP eclogite,W260060,0.5,2,167,24,56,50
HP eclogite,W260061,0.5,2,98,19,45,33
HP eclogite,D528122,0.5,2,312,38,94,5
HP eclogite,D528124,0.5,2,185,43,123,55
HP eclogite,D102463,0.5,2,292,40,146,45
HP eclogite,D102464,0.5,2,306,74,188,31
UHP eclogite,E-Gouli-06,0.05,0.5,380,56,31,18
UHP eclogite,E-Gouli-08,0.05,0.5,245,49,31,70
UHP eclogite,E-Gouli-24,0.05,0.5,127,7,29,6
UHP eclogite,LMG-26,0.05,0.5,172,56,7,70
UHP eclogite,LMG-63,0.05,0.5,139,54,31,73
UHP eclogite,LMG-64,0.05,0.5,182,35,5,45
UHP eclogite,LMG-66-2,0.05,0.5,240,37,6,43
UHP eclogite,LMG-69,0.05,0.5,171,51,5,53
UHP eclogite,LMG-71,0.05,0.5,204,55,28,63
UHP eclogite,LMG-72,0.05,0.5,211,53,29,52
UHP eclogite,LMG-73,0.05,0.5,181,54,30,73
UHP eclogite,LMG-74,0.05,0.5,134,55,28,60
UHP eclogite,LMG-06,0.05,0.5,290,31,29,59
UHP eclogite,LMG-76,0.05,0.5,400,36,29,52
UHP eclogite,LMG-77,0.05,0.5,242,18,29,48
UHP eclogite,16TS32,0.05,0.5,141,61,31,64
UHP eclogite,16TS33,0.05,0.5,100,42,7,10
UHP eclogite,16TS36,0.05,0.5,135,60,6,62
UHP eclogite,16TS41,0.05,0.5,150,44,6,53
UHP eclogite,16TS42,0.05,0.5,200,16,31,61
UHP eclogite,16TS44,0.05,0.5,220,40,6,49
UHP eclogite,16TS46A,0.05,0.5,130,80,31,64
UHP eclogite,16TS54,0.05,0.5,110,70,29,66
UHP eclogite,16TS91A,0.05,0.5,360,50,10,24
UHP eclogite,16TS92,0.05,0.5,215,27,33,60
UHP eclogite,16TS105,0.05,0.5,47,35,8,71
UHP eclogite,HB121-10,0.05,0.5,141,47,31,83
UHP eclogite,HB121-13,0.05,0.5,97,38,30,65
UHP eclogite,HB121-21,0.05,0.5,101,30,31,65
UHP eclogite,HB123-5,0.05,0.5,241,37,7,17
UHP eclogite,M101-4,0.05,0.5,123,48,10,81
UHP eclogite,M101-8,0.05,0.5,215,48,10,81
UHP eclogite,M112-8,0.05,0.5,129,27,7,4
UHP eclogite,M152-8,0.05,0.5,195,42,6,3
UHP eclogite,M186-10,0.05,0.5,181,43,10,81
UHP eclogite,M176-17,0.05,0.5,148,36,10,81
UHP eclogite,129-7,0.05,0.5,132,32,12,64
UHP eclogite,129-8,0.05,0.5,123,38,14,81
UHP eclogite,C107-23,0.05,0.5,148,13,5,4
UHP eclogite,C11066,0.05,0.5,32,0,33,18
UHP eclogite,C11036,0.05,0.5,37,40,35,61
UHP eclogite,H607-5**,0.05,0.5,230,57,8,60
UHP eclogite,M101-8#,0.05,0.5,176,51,10,81
UHP eclogite,DC25C,0.05,0.5,150,18,8,1
UHP eclogite,DC25D ,0.05,0.5,169,8,28,0
UHP eclogite,DC94B ,0.05,0.5,90,23,6,13
UHP eclogite,DC30A ,0.05,0.5,203,9,4,0
UHP eclogite,DC46L,0.05,0.5,242,21,8,1
UHP eclogite,DC48G,0.05,0.5,444,23,5,0
UHP eclogite,DC97 ,0.05,0.5,195,3,6,1
UHP eclogite,M17-B810A01,0.05,0.5,280,27,33,72
UHP eclogite,M17-B808D03,0.05,0.5,63,6,34,78
UHP eclogite,M17-B808B03,0.05,0.5,29,8,44,74
UHP eclogite,M17-B819A01,0.05,0.5,10,9,40,65
UHP eclogite,M17-B819A02,0.05,0.5,21,7,33,64
UHP eclogite,M17-B808C01,0.05,0.5,31,9,44,64
UHP eclogite,KB851,0.05,0.5,55,28,30,2
UHP eclogite,KB852,0.05,0.5,94,28,30,3
UHP eclogite,KB853,0.05,0.5,135,37,29,9
UHP eclogite,17Y3,0.05,0.5,231,28,34,78
UHP eclogite,17Y4,0.05,0.5,192,42,31,80
UHP eclogite,17Y6,0.05,0.5,228,38,7,62
UHP eclogite,17Y14,0.05,0.5,168,44,33,82
UHP eclogite,17Y15,0.05,0.5,225,34,30,68
UHP eclogite,17Y17,0.05,0.5,208,34,31,68
UHP eclogite,17Y20,0.05,0.5,40,20,12,63
UHP eclogite,17Y30,0.05,0.5,32,19,13,62
UHP eclogite,17Y31,0.05,0.5,35,20,12,64
UHP eclogite,17Y32,0.05,0.5,31,17,13,63
UHP eclogite,17Y33,0.05,0.5,40,20,31,66
UHP eclogite,17Y34,0.05,0.5,38,25,12,64
